0,1,2,3,4
,,,,
,"▪ 6 of 8 Directors are Independent
▪ Over 62% Board Refreshment since 2018
▪ Separate Chair (or Lead Independent Director if
Chair is vacant) and CEO
▪ Lead Independent Director Charter
▪ Limit on Outside Public Company Directorships
▪ Annual Board and Committee Evaluations
▪ Regular Executive Sessions of Independent
Directors at quarterly Board and Committee
Meetings
▪ On-going Education for Directors for Issues
Pertinent to our Business (e.g. export)",,"▪ Majority Voting for Uncontested Director
Elections
▪ 100% of Committee Chairs and Members are
Independent
▪ Board Diversity Policy
▪ Proxy Access Rights
▪ 38% of Directors are Women
▪ Stockholder Engagement with over 60% of the
Company’s Outstanding Shares in 2024
▪ Stock Ownership Policy for Directors and
Section 16 Officers
▪ Related Party Transactions Policy",
,,,,
,,,,
